{"q_values": {"(2, 6, 1, 1)": [0.9755395650863647, 0.9768597483634949, 0.9784961938858032, 0.9770756363868713, 0.9783545732498169, 0.9761887788772583, 0.9783937335014343, 0.9785688519477844, 0.9781445264816284, 0.9777587056159973], "(2, 7, 1, 1)": [0.965249240398407, 0.961418628692627, 0.9632949829101562, 0.9643329977989197, 0.963254451751709, 0.9651768207550049, 0.9647037982940674, 0.9624012112617493, 0.9650343656539917, 0.9622864127159119], "(2, 8, 1, 1)": [0.9223814010620117, 0.9262592196464539, 0.9264610409736633, 0.9260483980178833, 0.9261442422866821, 0.9262316226959229, 0.9258760809898376, 0.9264475107192993, 0.9264094829559326, 0.9259495735168457], "(2, 9, 1, 1)": [0.917823851108551, 0.9178170561790466, 0.9169431328773499, 0.9166136384010315, 0.9168077707290649, 0.9162434935569763, 0.9194303750991821, 0.91719651222229, 0.9185866117477417, 0.9229540228843689], "(2, 4, 1, 1)": [0.9762895703315735, 0.9766122102737427, 0.9763427972793579, 0.9762994050979614, 0.9761284589767456, 0.9761499762535095, 0.9761847257614136, 0.9756836891174316, 0.9757227301597595, 0.9806435108184814], "(2, 1, 1, 1)": [0.9141481518745422, 0.9158480167388916, 0.9171376824378967, 0.9146843552589417, 0.9157657623291016, 0.9204455018043518, 0.9165152907371521, 0.9143341183662415, 0.917113184928894, 0.9134833216667175], "(2, 3, 1, 1)": [0.9613486528396606, 0.9615825414657593, 0.9603815078735352, 0.9623240828514099, 0.9622694253921509, 0.9613556265830994, 0.9611549377441406, 0.9620546698570251, 0.963289201259613, 0.9621809124946594], "(2, 2, 1, 1)": [0.9275752305984497, 0.9286102056503296, 0.92805415391922, 0.9273701906204224, 0.9303900599479675, 0.9287240505218506, 0.9279059767723083, 0.9277514815330505, 0.9288458228111267, 0.9292836785316467], "(2, 5, 1, 1)": [0.9683771729469299, 0.9769749641418457, 0.974571943283081, 0.9780942797660828, 0.9713974595069885, 0.9790564179420471, 0.9775437712669373, 0.9824366569519043, 0.9678822755813599, 0.9768391847610474], "(1, 7, 1, 1)": [0.8832355737686157, 0.8639175295829773, 0.9209406971931458, 0.8672625422477722, 0.8242872357368469, 0.843935489654541, 0.7519304752349854, 0.8628924489021301, 0.8710721135139465, 0.9041252732276917], "(1, 8, 1, 1)": [0.9192823767662048, 0.8926015496253967, 0.8848375678062439, 0.8750379085540771, 0.8912524580955505, 0.869857132434845, 0.8778853416442871, 0.8963494896888733, 0.8777685165405273, 0.8787356615066528], "(1, 9, 1, 1)": [0.8767492175102234, 0.8833388686180115, 0.8369394540786743, 0.7754111886024475, 0.8438709378242493, 0.8635236024856567, 0.8268357515335083, 0.9272689819335938, 0.8437705636024475, 0.8123866319656372], "(1, 6, 1, 1)": [0.8986108303070068, 0.9367571473121643, 0.9013847708702087, 0.8727302551269531, 0.9227427840232849, 0.9156934022903442, 0.9212348461151123, 0.9195594787597656, 0.9096221327781677, 0.896926999092102], "(3, 4, 1, 1)": [0.7673735618591309, 0.701161801815033, 0.9246791005134583, 0.7199164628982544, 0.7326070070266724, 0.6723223328590393, 0.7843656539916992, 0.7599180936813354, 0.729195773601532, 0.8054693937301636], "(3, 3, 1, 1)": [0.7780439257621765, 0.756846010684967, 0.7835419774055481, 0.8352980613708496, 0.6502725481987, 0.9219663143157959, 0.7948621511459351, 0.7728546857833862, 0.7609862685203552, 0.6539400219917297], "(3, 2, 1, 1)": [0.7665466070175171, 0.8635384440422058, 0.8186720013618469, 0.9218725562095642, 0.7097094058990479, 0.7842427492141724, 0.8521425724029541, 0.774146318435669, 0.8698937296867371, 0.6223467588424683], "(3, 1, 1, 1)": [0.7200729846954346, 0.7959942817687988, 0.7700322866439819, 0.8112343549728394, 0.9267070293426514, 0.8194988369941711, 0.7723948955535889, 0.7920274138450623, 0.701474666595459, 0.6553996205329895], "(3, 6, 1, 1)": [0.7719604969024658, 0.029676994308829308, 0.18058693408966064, 0.3038083612918854, 0.24513015151023865, 0.10596993565559387, 0.11350663006305695, 0.10283683240413666, 0.10474660247564316, 0.2397294044494629], "(3, 5, 1, 1)": [0.5679054856300354, 0.5132082104682922, 0.5482199192047119, 0.4594845175743103, 0.4475732445716858, 0.6466641426086426, 0.8671674132347107, 0.5299771428108215, 0.640338659286499, 0.6571807265281677], "(1, 5, 1, 1)": [0.4500991702079773, 0.30994683504104614, 0.27494102716445923, 0.2784421741962433, 0.31463074684143066, 0.19554826617240906, 0.23097987473011017, 0.37508925795555115, 0.35103702545166016, 0.9322957396507263], "(1, 4, 1, 1)": [0.006509469356387854, 0.09209326654672623, 0.004035095684230328, 0.006598280277103186, 0.00252605602145195, 0.011395817622542381, 0.007342025637626648, 0.011968129314482212, 0.01007046364247799, 0.0073874639347195625], "(1, 3, 1, 1)": [0.15278613567352295, 0.013851260766386986, 0.018347211182117462, 0.004445139318704605, 0.0013362456811591983, 0.018106671050190926, 0.012689989060163498, 0.0, 0.0, 0.002339564962312579], "(1, 2, 1, 1)": [0.05444973707199097, 0.050305940210819244, 0.04064013808965683, 0.05910094827413559, 0.06778501719236374, 0.047313395887613297, 0.04130031168460846, 0.2870346009731293, 0.023850468918681145, 0.04287172108888626], "(1, 1, 1, 1)": [0.06122920662164688, 0.0011072331108152866, 0.12740841507911682, 0.038787756115198135, 0.03833439573645592, 0.49252015352249146, 0.0483732745051384, 0.04902646690607071, 0.03646767884492874, 0.11603118479251862], "(3, 8, 1, 1)": [0.006424034014344215, 0.0, 0.010212588123977184, 0.0, 0.010213532485067844, 0.0, 0.0, 0.10502435266971588, 0.0, 0.001283972174860537], "(3, 9, 1, 1)": [0.19273853302001953, 0.0, 0.0, 0.01091078482568264, 0.0, 0.010908005759119987, 0.0, 0.0, 0.0, 0.0], "(3, 7, 1, 1)": [0.0793977826833725, 0.0012580308830365539, 0.0, 0.0, 0.004800432827323675, 0.0, 0.0015524858608841896, 0.009482517838478088, 0.0, 0.00116273935418576]}}