{"q_values": {"(tensor(0), tensor(3), tensor(0), tensor(0))": [0.000999937648884952, 0.0], "(tensor(0), tensor(4), tensor(0), tensor(0))": [0.0009548314264975488, 0.0], "(tensor(0), tensor(5), tensor(0), tensor(0))": [0.0, 0.0], "(tensor(0), tensor(1), tensor(0), tensor(0))": [0.000956163217779249, 0.0], "(tensor(0), tensor(0), tensor(0), tensor(0))": [-0.0021763532422482967, 0.0], "(tensor(0), tensor(2), tensor(0), tensor(0))": [0.0009872509399428964, 0.0]}}